Unnamed: 0,YearsExperience,Salary
0,1.2000000000000002,39344.0
1,1.4,46206.0
2,1.6,37732.0
3,2.1,43526.0
4,2.3000000000000003,39892.0
5,3.0,56643.0
6,3.1,60151.0
7,3.3000000000000003,54446.0
8,3.3000000000000003,64446.0
9,3.8,57190.0
10,4.0,63219.0
11,4.1,55795.0
12,4.1,56958.0
13,4.199999999999999,57082.0
14,4.6,61112.0
