Unnamed: 0,YearsExperience,Salary
15,5.0,67939.0
16,5.199999999999999,66030.0
17,5.4,83089.0
18,6.0,81364.0
19,6.1,93941.0
20,6.9,91739.0
21,7.199999999999999,98274.0
22,8.0,101303.0
23,8.299999999999999,113813.0
24,8.799999999999999,109432.0
25,9.1,105583.0
26,9.6,116970.0
27,9.7,112636.0
28,10.4,122392.0
29,10.6,121873.0
